{
  "final_train_epochs": 4,
  "thresholds": {
    "BRCA1": 0.07836013287305832,
    "BRCA2": 0.15000000000000002
  },
  "BRCA1": {
    "auroc": 0.9942128750394601,
    "auprc": 0.9970682720272839,
    "recall": 0.989805375347544,
    "precision": 0.9187096774193548,
    "f1": 0.9529333035913451,
    "balanced_acc": 0.9088371139032803,
    "mcc": 0.8555017073447976,
    "accuracy": 0.9351965601965602,
    "threshold": 0.07836013287305832
  },
  "BRCA2": {
    "auroc": 0.9957554504044906,
    "auprc": 0.997459930988328,
    "recall": 0.9945504087193461,
    "precision": 0.9793024147182828,
    "f1": 0.9868675164156044,
    "balanced_acc": 0.9784729759474168,
    "mcc": 0.9630901319563844,
    "accuracy": 0.9830212234706617,
    "threshold": 0.15000000000000002
  },
  "BRCA1_confusion": {
    "tn": 909,
    "fp": 189,
    "fn": 22,
    "tp": 2136,
    "matrix": [
      [
        909,
        189
      ],
      [
        22,
        2136
      ]
    ]
  },
  "BRCA2_confusion": {
    "tn": 1382,
    "fp": 54,
    "fn": 14,
    "tp": 2555,
    "matrix": [
      [
        1382,
        54
      ],
      [
        14,
        2555
      ]
    ]
  }
}