{
  "final_train_epochs": 4,
  "thresholds": {
    "BRCA1": 0.07842446863651276,
    "BRCA2": 0.25
  },
  "BRCA1": {
    "auroc": 0.9948482663362516,
    "auprc": 0.9973749333175004,
    "recall": 0.9893715341959335,
    "precision": 0.9644144144144144,
    "f1": 0.9767335766423357,
    "balanced_acc": 0.9585136059258056,
    "mcc": 0.9295351253652159,
    "accuracy": 0.9686732186732187,
    "threshold": 0.07842446863651276
  },
  "BRCA2": {
    "auroc": 0.9963238509063752,
    "auprc": 0.9978335908461484,
    "recall": 0.9941747572815534,
    "precision": 0.9812188577999233,
    "f1": 0.9876543209876543,
    "balanced_acc": 0.9799545115079096,
    "mcc": 0.9651769922948824,
    "accuracy": 0.984019975031211,
    "threshold": 0.25
  },
  "BRCA1_confusion": {
    "tn": 1013,
    "fp": 79,
    "fn": 23,
    "tp": 2141,
    "matrix": [
      [
        1013,
        79
      ],
      [
        23,
        2141
      ]
    ]
  },
  "BRCA2_confusion": {
    "tn": 1381,
    "fp": 49,
    "fn": 15,
    "tp": 2560,
    "matrix": [
      [
        1381,
        49
      ],
      [
        15,
        2560
      ]
    ]
  }
}